pmid,cluster
8440808,2
34090255,2
28939189,2
10867111,0
9632032,3
29501990,2
12727707,4
12153829,4
22746337,0
10432474,0
7592505,4
10710164,2
8296578,3
1603901,0
10197835,3
1930617,0
40025010,2
18703933,4
12415537,4
37263492,2
30063303,3
9339881,4
7649971,3
1806627,3
15084901,2
34108247,4
37482560,2
26348032,2
16848655,0
28456685,2
16582045,4
31634515,1
26872112,3
23644816,3
12880942,2
30590286,2
26553313,2
9736008,3
9707377,2
9172968,3
21601287,2
18832427,4
23216998,2
18635695,4
16189745,2
16420086,2
28013123,2
15935231,0
10614031,1
8857868,3
7672750,0
9172969,3
12946882,2
28697253,3
18507895,4
14573318,2
22032742,2
21553144,3
18579238,0
20190601,1
7991725,3
24679400,2
16505129,3
32171290,0
29331696,2
30642308,2
18498013,3
9378690,4
24912106,2
15569397,1
15583115,3
2274633,3
19295509,2
19067437,2
24628498,4
8591972,2
8227488,3
35970327,4
18191817,0
37315590,4
7559370,4
1621138,3
36336757,1
27244782,3
28086851,1
21646579,3
12404675,3
9427167,3
15809409,3
10066988,2
11800503,4
17431740,3
28857042,3
30430961,2
10347338,3
9572104,2
38367846,2
14735169,3
8277301,2
29189044,4
29053977,2
36740140,2
36151855,2
22858211,4
21135325,3
20175941,4
28832750,2
34995992,0
29656663,4
23117749,3
7675939,0
15953490,3
26384013,2
8866698,0
35020871,1
28357969,4
29101095,3
28663124,4
17574796,2
23581532,4
1531820,3
15997604,3
14624186,2
19728035,0
23088620,3
25815754,4
26478208,4
19687181,4
23768683,2
17402267,2
19458612,0
29748055,2
20196183,3
10671391,2
16809253,4
30249416,1
19593177,0
31199210,4
34971723,2
23510529,3
15450785,2
9619686,0
16188715,3
17328957,1
9864074,3
32438932,2
27137427,2
11599643,2
24612825,2
2146304,0
16520686,4
24313244,3
21658349,2
25257148,4
12393307,4
14696018,3
10665628,4
17586783,4
12905099,0
26799942,3
12466028,4
12377400,1
8408980,0
28301561,3
15156933,2
38453677,2
34747448,4
30852363,2
31883526,2
32380445,1
32008286,4
26275653,2
11138997,3
23340506,0
38232776,1
33065813,2
9241570,3
15766292,2
15992554,2
16594290,3
11119182,3
15169696,4
30741785,2
20938351,1
19439363,2
15766293,3
28189575,2
35288545,2
19674382,2
25679122,2
12860778,3
16444795,3
15470801,0
12804681,1
27681442,4
25375652,4
23611569,2
23602205,0
22238631,4
20385376,1
9633672,0
1775604,2
16259998,1
16086621,1
10701482,3
7870927,4
23549225,4
25234606,1
25012429,2
17487933,4
16356697,1
25638793,2
15708844,3
24462230,2
24815533,4
8856421,3
18536065,2
23810357,4
30153360,1
16581036,0
22919308,4
26364276,0
12716247,2
18468810,1
12242054,3
34689056,2
8468314,2
15242467,2
16540613,3
31472393,0
12390549,3
10965637,3
9746444,3
8792753,3
10360414,3
25457687,2
8626358,3
27324805,2
27046309,4
29137560,2
20141705,3
12415551,3
19769599,2
1891486,0
35805620,3
20581790,4
10802126,2
29738425,4
28958125,3
9169310,3
15879583,3
8126311,2
1531823,3
27455513,4
18006073,2
25430687,1
30317101,2
33441069,4
39262174,2
24096053,4
7983293,3
21508853,0
28815419,3
36173064,0
20673547,2
7938560,3
11401657,3
15960563,3
17166775,2
30826253,2
27054610,4
14716707,3
38627683,0
9169309,3
11519769,3
18850765,4
7572251,3
10837880,3
38513424,2
36799961,2
22008447,2
10321415,4
10201422,3
29856741,0
37934573,2
17984932,1
11082469,1
1289921,0
17559710,1
9167521,0
19752838,3
16889757,3
2258448,0
29620692,4
19225403,1
30106880,3
22429479,0
15241662,2
11822991,2
2184790,3
12197452,2
16553541,3
8263316,4
36811520,4
11356239,3
21641047,1
19700204,0
27716660,3
23232755,2
30238915,2
17976882,0
38408937,3
21889560,2
15238992,2
16824617,2
15149296,2
12551734,3
10993128,3
10831476,2
2189874,3
19452375,3
20919541,2
18681820,3
39119911,2
32823218,2
30153634,0
28892734,2
23881909,3
20223599,0
12798983,2
19703381,1
10818263,0
15913872,2
28246891,1
14550680,3
12399946,2
1429474,3
31760780,0
38422450,3
23567397,4
11682257,0
8831436,3
25470094,4
32081599,1
18052559,4
11457420,1
30045066,4
8614706,0
31795035,2
17112401,2
16259543,3
12393314,3
7873952,3
24393367,0
15283740,2
26782861,3
26149441,3
12923794,3
12185396,3
11305700,3
16808740,3
9495605,0
26514447,0
27809351,4
17196057,0
19910882,3
15579788,3
38482853,2
28039689,2
26643541,4
11223108,3
8731070,2
7899535,0
9571653,3
10189602,3
25854875,2
10708818,3
24970773,2
15323594,0
2071558,3
26580307,4
37533019,4
8588061,2
24309905,4
31711880,1
12573303,1
30725226,3
16690006,0
11829206,0
10760553,2
9018388,0
30709746,2
23300127,3
21191380,2
9121622,1
1531826,3
30176835,2
22905811,4
8428872,2
17920692,2
32663980,1
19349077,2
36484844,1
40226647,3
22921481,4
17110825,4
11927189,3
16754413,4
2236452,3
18457589,3
10936631,2
26896810,3
21291943,4
22124225,1
25544195,3
26319158,2
23619509,0
19539524,2
10396008,3
16390905,4
35324094,4
16716479,0
10074878,2
22250853,2
23664268,0
15107719,4
8854304,2
15337331,2
33310500,1
30858518,2
30718459,2
25157724,3
12128243,3
15520364,3
11182530,2
9493483,3
18716414,0
10534584,3
23705849,3
9730077,3
8468436,2
16741212,3
8690826,3
21694614,0
15927091,0
9084896,0
12661474,0
2405329,2
36094967,2
35089613,2
29507282,2
39715042,4
19185467,4
18354392,0
7857501,3
18413705,4
24583567,4
22998742,2
10917411,3
18052566,0
11772700,2
11926717,3
33386430,2
27977469,2
10386185,2
11354236,3
27125818,2
24500245,4
11247106,3
18755514,2
24656524,2
26451508,2
28935838,2
22901348,4
12765849,1
12359681,3
38594753,2
30343455,3
36997260,2
34608842,2
21926484,2
21102344,4
17627739,4
24446548,2
12628619,2
1829739,2
26745768,2
15272100,4
25467848,4
19177168,0
11850046,2
25196314,4
22301195,3
32565594,4
9160649,0
8270588,3
12172339,4
8083675,2
27259062,2
24021959,2
15156426,2
10518178,3
29952863,1
18302208,2
12082591,0
8626359,3
19909979,0
15323595,0
9107153,2
17453654,1
16398952,4
40215375,2
2123039,3
27138798,2
28441583,1
17474807,2
11772847,0
7491398,2
2115680,3
24667487,2
10659981,0
21851460,3
28499900,4
19843899,3
16934840,4
38685594,4
9874906,3
15237079,2
25719444,3
28072660,1
8880076,2
31242892,3
9543205,3
20099269,2
25050453,2
23738992,3
14514498,2
32186013,3
27770740,2
20097780,3
8296581,3
2198303,3
24268719,4
36163686,2
16335904,0
27630014,3
22794787,3
26331383,4
12376586,4
29609146,3
25744500,1
21329753,2
25523883,2
23209576,0
1417632,3
21410960,4
30480860,2
32838817,2
37470840,2
35582785,4
24229754,4
22676966,0
20973713,2
9342767,3
31483961,4
37578792,4
9491067,2
16845662,2
34418086,3
22152401,3
15320956,2
29943445,4
23171911,0
18781665,2
9718247,3
32871704,3
21669372,2
20196181,2
8741025,3
1995088,2
10830150,3
1620773,2
10192591,3
2248063,3
23370288,1
16963587,2
15661116,1
11740974,0
19424085,2
29206826,3
24351885,2
33743385,3
17288688,3
15353387,2
12063152,0
16703602,2
9885798,0
31537090,2
28787372,2
1973942,3
21784533,2
7481419,0
23873293,4
24726639,2
22495941,2
18090696,1
8364348,3
9862605,3
25500685,4
25282363,2
38286128,3
23131884,4
16670251,2
18195470,3
16871270,4
15877712,3
12422062,3
27804203,3
18533184,0
11105734,3
10665634,3
30207254,2
34023797,4
21034680,4
12236630,0
16428253,3
9194044,0
7884018,3
21235759,4
19171315,2
16161727,3
1978370,2
33128939,2
19090505,2
38537756,2
28064281,2
15383130,2
10547175,2
16553532,3
15050085,3
16855452,2
15349006,2
30191781,0
24108148,4
11702016,2
8834416,0
25467077,3
19210951,4
19521922,2
39233242,2
24330903,1
11602029,3
12112202,1
9721829,2
16184071,4
33691647,2
21093060,1
17685736,3
36732585,2
16677714,3
28272497,2
23945458,4
30245249,2
25130678,2
11822997,3
10964861,3
17803844,3
34979178,2
25046624,4
36442318,3
23914988,3
9326748,0
9693355,2
22516310,0
10711915,2
26704739,0
31060604,2
31725942,4
11270909,0
12364842,3
8810860,2
9513749,0
12242058,3
18076538,0
12513950,2
28898872,0
17487934,4
16728541,0
38834540,0
11979058,0
21535999,0
11331141,2
9004051,0
1960382,0
23895940,2
26859610,3
7714228,2
30311742,2
16594814,2
20122366,4
12975715,3
34011310,4
9696518,3
15723023,2
16344854,0
12893503,3
8598592,3
24813026,4
28335624,4
22050051,0
14702268,2
10386195,0
18515694,1
19709754,2
12689612,0
39836656,2
16946178,3
11476126,3
39722333,2
30531397,1
18647982,4
8071277,3
31812110,4
9133753,2
28627912,3
26025780,1
14723479,4
24108149,2
33349674,1
27396868,2
24144196,4
12832253,0
18854724,3
11082473,0
10378176,2
12523867,3
31513968,2
19077131,2
19968383,2
26343603,2
27894822,3
7884019,3
29334322,0
15527426,3
8022529,0
19222404,0
30867553,1
1870418,3
30549486,2
15272091,2
20827794,4
12142643,0
12242578,1
16919758,0
32713367,1
20692042,2
11437014,3
1821699,0
27591917,2
24486425,1
15944745,3
15458612,3
12197455,3
25142196,2
35102782,2
15316717,0
22545088,4
21438794,4
22391106,2
30035325,2
8868208,0
23507186,0
15967511,0
32660299,4
27253216,1
15364040,0
19470987,3
23142150,2
36153330,2
8215814,3
32552472,3
11426506,3
16566626,4
12716275,3
19759043,3
17556431,3
9089057,3
21226937,3
19330495,3
9413414,3
16199008,2
22971472,2
19880459,2
18399039,3
8120157,3
15643103,4
8988956,3
8277144,3
15531007,4
9283504,3
22286203,4
10917402,3
16202184,3
1511080,0
29608461,4
19284933,4
25554994,2
12422059,3
18801582,2
9213083,0
34555691,2
24842649,4
11411813,3
25097285,4
15876903,0
21838410,4
17068318,3
15589565,0
12606843,0
10836286,3
35809362,2
11468498,3
8993085,0
35549538,2
9405961,3
8373935,2
31931894,3
27521651,2
21885210,2
19236730,0
29140227,4
24668760,2
38244783,2
11068197,1
23832433,4
21738622,0
12462513,2
30388595,0
17659823,3
19712127,3
15006431,3
38767937,4
36821775,4
39242786,4
35649167,4
24611442,4
33086145,1
23049758,2
21208591,2
16716529,0
15820716,2
38758363,2
26655583,2
12884889,3
27109856,2
11886025,3
34333176,2
8263317,3
17475735,3
25122038,2
35809678,2
25085036,1
16566612,2
19336785,2
20797382,4
24388729,1
35368605,2
28555075,0
17176505,1
21929846,2
17606812,2
31838256,2
23764521,4
17466494,1
29873953,4
21176719,2
11202131,3
39433921,1
37827257,4
28241025,3
7961520,3
18562104,2
19890631,0
39428497,0
12888182,0
19318138,0
21751128,2
30419989,4
14607390,2
37385001,4
29995359,4
26311446,2
11419053,3
11352337,3
22221724,4
38632313,2
14687858,3
15373278,2
7850395,1
34099307,2
9663362,3
17963300,2
2071561,3
19732481,4
17146008,3
23809145,2
21869688,3
10836283,3
37344986,2
39259548,2
12544371,3
23866851,2
28853392,3
12943952,3
33832092,1
8471126,0
22001552,2
2195013,0
8173018,1
29689693,4
29489494,2
24677141,0
17984403,3
26551403,2
33074143,2
19909980,4
21456039,3
20973714,2
8856002,3
39551007,4
32036277,2
10628577,3
11879161,3
12393109,3
37635396,2
32787676,0
29730251,1
25258429,2
8588060,2
12502032,3
19095219,4
21751125,3
23587982,4
11986508,3
19730274,2
28858443,2
30368163,4
18242724,2
16432682,0
16319917,0
23939510,3
36651624,2
8442962,1
27178002,1
12025827,2
20703198,2
32858844,0
17244833,3
7806687,3
2407208,3
27280965,2
31721487,2
31928949,2
18276017,2
15201565,4
37252829,4
16883145,2
24655622,4
7579025,3
22209361,4
20420766,2
23095489,1
8302193,0
36175271,2
37656180,2
38425284,4
16835012,2
19729204,0
20609482,2
23915015,3
22578037,2
15669893,4
11376459,3
10071180,3
24702987,0
26752119,0
9099409,2
37016788,2
10363731,3
14699431,2
38636352,0
23673085,1
38844163,0
20144692,1
17324686,2
15567207,2
2113347,2
25961781,4
18725263,0
29486338,4
36708956,4
11231831,3
22813840,3
14622077,2
23223803,2
15885349,3
17502802,1
32420649,4
36239033,4
29113521,4
12091260,3
22006095,2
25372657,2
27035404,2
15956269,2
18615497,3
1836616,3
10854639,3
16401152,1
10619217,3
36683090,2
24411682,1
12618532,3
24162081,4
9345554,0
8290665,3
29228516,2
32603560,2
17439866,2
35179810,2
20380782,2
25480462,3
31948461,4
19571597,3
21868736,4
10695639,3
2073222,3
8678170,2
21146614,1
18573540,2
16191208,0
14658974,4
24041408,4
15538592,3
7846195,3
10688563,3
40224581,2
35088753,4
23561229,4
29202655,2
17503976,4
23093475,3
17017821,4
14510037,2
19192475,4
27474961,4
19772940,2
24030613,3
23928104,1
19680706,1
39999772,4
22767373,2
17882232,0
16497334,0
21672495,2
10880708,3
11106138,2
10910802,3
35319270,4
17469884,2
15641875,2
8573661,3
7814822,3
29143534,2
31462766,2
18832958,4
31481683,0
21377690,2
8104930,3
25393889,3
10831027,1
15939970,2
25338776,3
7897786,3
7977879,3
8626363,3
16856215,3
21784621,0
8719029,0
10700656,0
23562150,2
31900198,2
11754131,2
17221338,2
17545748,4
14744170,4
11282808,3
8897118,3
10088138,0
20096138,2
24086352,2
9560861,3
19051275,3
36309483,2
20808132,2
10907801,0
17559755,4
17357181,2
11927173,2
36798983,0
11712623,0
34895291,2
24360132,1
28195874,3
27629159,2
9169311,3
15232326,3
21943315,3
1973905,0
2134115,3
22516309,2
27378326,2
24021497,4
17928573,3
22962030,3
8447241,3
20361916,4
36411659,3
17110814,4
9210746,0
35033635,4
32677051,2
15055748,2
21993207,2
12225704,0
28926793,4
35072758,4
23274503,1
16259546,3
21300377,2
9442985,0
9766765,3
21422768,0
17050507,3
17419001,3
9464195,3
12452535,3
8085467,3
10221284,2
38720516,2
18611293,2
9632030,3
9452184,0
18447101,2
17065971,3
14595527,3
1904620,3
22032247,3
12660056,3
1960381,3
21939613,4
14609729,0
11255384,1
8106652,3
9832348,3
9062374,2
27035272,4
37875578,4
10862800,0
20510459,3
1487474,3
31010445,4
26621218,3
34375789,2
35089358,1
32332464,2
9543314,2
27693978,2
32573396,2
22298121,2
12128237,3
25963932,2
35654766,2
9178335,3
25081818,2
16199795,3
21388237,2
18165459,4
2120432,0
15094256,3
9817623,3
25518754,2
35717867,2
25978741,4
21284066,2
19705104,2
28334675,0
23532747,3
21295002,3
12943941,0
12000204,4
8005898,2
12842168,1
10873918,2
1938979,3
22147842,4
35771573,2
37099968,4
22852579,2
28155119,3
25642918,2
39701054,2
8748431,2
22410206,4
10732656,3
1599984,0
37294568,2
22459724,0
14666114,4
16855451,3
8489327,3
29433063,4
16271314,3
38170185,2
8743642,3
16390893,3
7552058,1
39019235,4
18616856,2
27662279,3
25759400,2
20193645,4
18178988,4
36579902,1
10868320,1
39110846,4
26421634,2
27819485,3
23683841,3
25527253,3
23684127,2
15272090,3
9024954,0
20684786,3
35131363,4
12017410,3
7675971,3
15283538,2
26899588,3
16209891,2
8217066,3
12478881,2
20965447,1
21411156,2
17825800,3
29778387,2
16390894,1
23428794,2
10695647,3
2071885,3
33264819,4
9672056,3
11282864,3
19319994,2
12577277,0
27322768,4
22455835,2
1531827,3
20854868,1
39626074,2
34862881,2
7491379,2
32991792,2
8770718,3
24115188,4
21188787,2
25091591,2
16449396,3
33146667,4
16582061,4
29957477,2
12062912,2
7864265,3
8509350,2
17122715,3
29409920,2
20976769,3
16483669,3
18930473,0
11106136,3
20384600,2
8840353,2
19572158,2
9476757,2
31464912,2
10964871,0
14978787,1
21242992,0
15666959,3
39924003,2
19577808,1
15292668,0
38700708,4
35379314,3
1775602,2
23842010,4
20808092,2
23252878,4
8422080,3
8942464,3
22296865,2
36612412,2
25220861,3
24935082,3
22549115,4
19960492,3
16139805,0
10807483,1
21107318,2
29894705,0
8115668,3
26142691,2
20074703,4
38461645,1
16979327,3
9307345,3
10884441,2
30698114,2
31437703,2
22042636,0
24528284,0
2110559,4
34670132,2
27383377,2
23954038,3
9699690,3
8736463,2
31843628,2
17592907,4
23800419,3
8326078,3
12728300,0
11731725,1
9489577,1
27208498,4
24894416,0
18579575,2
15209835,2
23216401,3
32376080,2
16955427,3
8682978,2
9988059,2
25165064,1
17981449,2
22475319,3
12088160,3
27656788,2
32289716,1
38449472,2
22699029,2
29731182,3
11739069,2
34134024,2
22883315,4
16834832,4
20688800,3
10865302,4
8803650,3
21320338,3
17240361,0
33012870,4
21205435,2
9857976,3
21056475,1
24374115,1
21097134,2
19505198,2
12920412,4
8509523,0
40010075,2
11949735,0
15694120,0
26996196,2
20108200,2
9476748,3
22925832,2
17822337,4
17146416,3
16687994,3
24506289,4
31695168,2
32553394,1
14550939,3
8588062,2
11887035,2
24525660,2
30221776,2
25933976,3
15488253,2
9846033,3
29985566,2
8595787,4
16818864,2
9787880,2
36113693,2
37084960,4
9153693,3
16595163,0
28961662,2
37328465,2
35903009,2
31577867,4
17337164,0
33605397,4
16934334,2
20854930,1
23874572,0
38520045,2
29369074,1
21530092,2
18496129,2
12639367,3
30840787,4
19710622,1
11682284,2
8525856,3
11292004,0
9133750,4
8682976,0
7491373,3
30035339,2
9534832,0
27210031,3
16473984,3
12420901,3
21895859,4
26424428,4
30959413,2
18580416,2
2110560,3
9733503,2
11030486,3
1520230,3
7759660,0
1832302,2
29614706,0
23061313,3
38019355,0
39299665,2
18985146,2
9127826,2
12858326,0
8476408,2
22458638,3
12752020,2
30878146,2
29660637,2
24229738,2
25936227,2
9133767,3
10331109,3
21284135,2
26553106,2
20452031,2
18539339,0
25586212,2
19011433,0
30637889,1
26440233,1
19832967,2
9831997,3
12359680,3
21358389,2
16700869,4
22579817,0
26867076,2
25091820,2
27267951,4
24332384,1
10513854,3
16048448,1
8622794,3
34699857,2
32663974,1
20195158,0
11926722,4
1862733,3
36857039,2
28865495,1
18442352,2
2183630,2
37149052,1
24038831,2
17414235,0
23803871,2
8204191,0
10596735,3
19496102,2
38574853,2
16978648,0
14709953,2
19217668,2
30234665,2
18703937,2
25690005,3
17477888,4
17921037,0
17318006,2
21355143,3
25192980,1
16579401,3
35982258,2
25398970,2
21285094,3
20734365,4
11704941,2
10937611,3
20194828,2
10367990,0
36984518,0
23223385,2
18707693,4
16756691,3
34074611,1
32701901,4
20840207,2
14872393,3
11001601,3
10618463,2
22915486,0
25577164,4
19581564,1
17767673,3
18247194,3
11379840,2
28145409,1
38824877,2
27936452,2
39659160,2
17846259,3
17086540,2
24469530,2
7491375,2
21041606,2
19916207,2
22048884,4
11302564,0
10958254,3
20600472,1
9004053,3
7862922,3
26922146,4
20441723,3
15729083,4
9659856,0
17008408,2
17121171,0
12716235,2
28335622,2
31987919,2
28085707,3
8625179,2
12646296,3
36785892,2
18590952,2
23896317,1
25901480,4
8784652,4
17590215,4
21909028,4
31610998,2
19804808,2
9209724,0
12063159,3
10367989,2
8771231,0
24438321,1
32664003,2
24176534,2
21911258,2
28237506,2
24767004,1
37314797,4
28642024,1
10192825,0
17526941,0
1888684,0
33888426,2
24756186,3
14698701,0
1431012,3
18052564,4
12490770,3
16330719,3
9210747,0
22008735,4
11078046,2
12185406,2
27379823,4
21308467,0
18834506,2
7568369,2
27718369,0
28296480,2
23664712,2
20957515,2
22776534,2
30618475,4
26022410,4
11020092,2
23982301,2
23840645,0
18093662,4
24462229,1
23673347,4
38880208,4
21940152,2
39733498,1
11838624,3
25885818,3
37301235,4
29748628,2
19278731,3
26315978,3
16959055,1
9934939,3
22871531,0
23567441,2
15555700,2
24661263,2
27788313,2
30115553,4
19128810,2
17486678,2
10170453,3
19465880,3
26984349,4
12237788,0
16629348,3
16814663,0
8471827,0
15706460,3
24422887,2
14563384,0
1480728,3
32861217,4
21414094,3
15923042,3
26216863,2
22080240,1
15231442,0
33838579,2
23146197,1
7977878,3
24787143,4
8263318,3
7919944,4
11308434,4
7842147,3
33213541,2
15042278,3
10617523,3
30116859,2
31818787,4
35727083,2
18164528,2
22722512,2
20833939,3
19238088,3
17088500,0
12823078,3
30819549,2
38277187,4
12502022,4
28318471,0
20483885,2
24268564,2
11571765,3
25554995,2
10221282,3
21733727,4
9545158,3
21108824,3
25715171,2
25572482,1
33125448,1
9844953,2
9298430,3
26879101,2
8666561,3
25295437,2
8988452,3
20856123,4
18288090,2
16180148,3
11069268,2
11691690,0
1639745,3
38378088,2
15526307,3
22162828,4
7491369,3
36073608,3
35085929,2
26513202,4
35779673,2
19709502,4
39180989,4
33442924,1
20451668,2
9444494,3
20513863,1
32167792,4
23219937,3
18052563,1
17321595,2
16223967,4
12832242,3
17453655,2
29879133,2
9228899,3
8071246,3
22077211,3
17598433,0
30346333,2
8468440,0
28266318,3
34758065,2
20732374,2
37069490,2
35545155,2
7592502,2
38710206,4
24922494,2
17556851,0
22417933,2
30340143,2
26346592,4
15163248,2
20462569,2
15207943,2
23357658,4
29920440,1
8071300,3
37981037,2
32242480,3
30921595,2
36653035,2
25373117,2
15812262,4
17618721,2
15050862,0
19470312,4
17883845,3
18550244,3
32591170,2
24766999,4
9334558,3
7737957,0
20090398,2
25335963,3
25043321,2
1667334,0
26282359,2
2248073,3
18272232,2
15704030,2
15319015,3
9110098,0
19011431,4
16838827,3
34183490,4
11387731,3
9632036,3
21601833,0
22364892,3
24048387,4
11504318,3
1438618,0
2165504,2
20660010,2
32663842,2
34023746,2
20889211,0
26709542,4
34131267,0
19217669,2
9862606,3
18480694,2
39240359,4
15697056,2
9790160,3
29235659,2
16125979,2
37153351,2
22445212,2
22428942,2
30107350,2
20061961,2
16651509,3
16607468,3
23121222,2
15286543,2
32513518,2
11593077,3
12586451,1
10438693,3
18418363,3
19969374,3
22495621,4
16431008,2
15852492,3
35410496,2
38574700,2
16505126,2
19400981,0
18029292,3
29055257,4
35233974,2
22011692,0
20950940,0
23341476,0
8275921,3
20571180,3
10460069,0
36153583,0
39631702,1
17337123,0
20691481,4
20181302,3
9547127,3
8263311,3
30052325,0
31978627,2
31586838,1
12490773,3
18625521,4
16877650,3
35354325,2
26025368,3
22840761,2
22687580,0
10743849,2
24994476,2
21208417,2
19282423,4
11254021,3
8778905,0
32001003,2
23085503,2
25827645,3
25004186,4
30423462,2
24972362,3
23979360,0
17046724,2
17525879,2
26098128,2
8179465,0
27629797,2
15613421,2
12053635,3
21269443,2
12943942,4
9608604,3
35378149,4
22963932,4
9921701,2
8976466,3
8493295,0
26708778,1
36938991,2
18511076,0
9241569,3
7675961,3
22086744,0
39232392,2
27038550,2
30516575,3
18996507,2
23067321,4
26035186,4
15341662,3
15121348,3
8924192,0
19272758,2
2126144,3
24725075,1
29185786,4
17984772,2
20340011,4
16420078,3
21239119,2
35882364,3
9988054,3
29149755,1
31721892,1
26013203,4
33767791,2
15877935,0
9493478,3
21774987,3
12019662,4
11233459,3
12640219,3
31586772,3
9247406,1
36773284,2
34895181,4
30569826,2
26674707,2
23021320,0
20466431,2
16553529,4
12766929,0
17474805,1
9590668,3
24801768,3
9438229,3
8897116,3
16968574,3
21199965,2
15514406,4
8841047,3
11236074,3
30374191,4
10078978,2
30170329,4
8685201,3
30764648,2
11313089,3
1988416,3
19551696,2
9534831,1
34358723,0
18342952,3
1531818,3
15866359,0
15706464,3
11841525,3
1806624,3
9549959,3
26611571,3
21696635,2
11233454,3
20194546,1
8415897,3
18752690,3
26755543,2
10453796,2
8824057,4
24936754,3
25744325,3
19631948,2
8914120,0
10965287,2
8617695,2
33310502,0
31421635,2
39214377,2
26663632,2
26590556,2
15203289,0
11731731,1
29962359,2
16139808,1
11926939,3
17414239,2
8803651,3
10404712,0
27660194,3
37224232,1
28224818,4
25462419,1
18728001,3
23056535,2
15504423,4
15123391,1
1546122,3
15261707,2
25012419,2
9029664,0
10505581,4
29398354,2
19694628,3
15096077,3
25188436,2
9818632,3
9766780,2
8580388,3
12524634,3
23419226,2
8726790,3
27094721,2
16848645,4
7624468,2
23334675,4
18462502,3
29467437,1
32880057,1
10770449,3
39674325,0
23866315,2
9817625,2
8678194,1
12472325,3
17135985,2
18794654,4
18681749,2
1394026,3
29921741,2
24090228,2
22213770,1
12001178,3
12102620,3
24002086,2
24595511,3
20409444,2
16857266,2
15289275,2
16889798,2
11815683,3
9919322,3
11270916,3
9541154,4
9546002,3
18311683,1
19678773,3
2230067,3
31301615,4
24574930,3
22433755,3
8295158,2
39154984,2
37585254,4
22037127,1
11777121,3
25093396,2
26360086,3
9778204,3
26109265,2
32971314,2
28478356,4
17038073,3
16160624,3
16953000,0
7775364,3
32056873,4
12172345,3
31304775,1
23615118,1
19269691,2
16867922,2
10817533,0
10701472,2
10622346,0
9094147,2
37085494,2
16820257,3
23732968,3
25135191,3
18332158,3
36763929,2
18312042,4
18578895,2
9632034,4
16252380,3
15019795,0
7836337,3
18307587,2
9160625,2
29119301,2
39491681,1
9818624,3
27631142,2
20602727,2
21767441,4
12503977,4
12183009,0
9421348,3
9164424,3
26414759,3
16388069,3
23370069,3
9408809,0
29241359,2
38134743,2
8733205,2
17196664,1
36377523,4
37244205,4
16678205,4
7943451,0
16086620,2
8626357,3
29673132,4
35896533,2
10836288,3
16937393,4
27071759,4
11772707,0
33938307,2
10200750,3
16465456,0
20716398,2
23062747,3
7649973,3
16448978,2
9832352,0
38755245,2
26922827,2
30460996,2
15110741,0
11465516,4
10220010,0
1638306,3
15483563,0
29792585,2
28555718,2
14658972,0
39875363,2
9035226,3
26655860,2
9018020,4
16616982,0
25257064,4
18954875,4
38421922,4
11814533,3
9023787,3
17194262,0
33316457,3
22578546,2
27804862,2
28958456,2
9376452,0
33316626,0
12112158,2
10686266,1
9892304,3
24562062,2
25497473,2
25971243,3
9219043,3
9861574,2
1775523,4
9554429,3
18760123,3
28252881,3
25802980,2
10698808,3
9230640,3
8509525,3
32790020,2
33910154,2
2223928,3
25213159,3
24345717,3
28530238,2
21091877,4
11986125,2
18004129,4
8588058,0
23792179,2
23664414,2
8889909,3
30249583,3
22129562,2
10401446,3
17704988,4
24172145,2
9561317,0
30423468,4
26176930,1
15764422,3
9063913,3
19548294,4
7559374,3
14684712,2
23994192,1
19006260,4
38140979,2
12046638,4
14557145,1
10333379,3
16259645,4
16229336,4
11444676,0
11137053,1
9191629,3
7665805,3
24504819,4
17685744,4
24150249,0
10434261,0
19755362,3
28125252,2
39744412,2
25416496,3
24625704,1
11927756,3
23881185,4
16044104,0
9866670,3
20877300,2
32521250,4
21208594,2
33683582,2
27107779,1
19252156,2
24112999,2
17174460,3
14709758,0
25484178,2
25919834,2
7636000,3
37143013,3
12154150,1
7566519,3
9879783,3
25659187,4
8841672,3
18694635,4
38914860,4
38918365,1
29282469,4
23602542,4
19015627,2
16533861,0
38658619,3
11305702,3
35939083,2
10074873,3
39809704,1
40199850,1
8998395,3
32592861,2
32053828,1
12927014,3
23212058,4
10757255,3
27422150,2
7728364,2
16012274,0
28285771,2
20952454,0
32464489,1
11682279,0
32370930,2
18182543,3
31712971,4
7714303,3
11037800,0
29660207,4
15377738,2
30306831,2
26471432,2
10234561,2
19193339,4
31301621,2
31846575,2
40001018,4
37796652,2
34533410,3
26345179,3
24042367,2
38519416,2
18586273,4
31682328,2
15131518,2
8215728,3
2071562,3
17635337,3
19147455,2
30902738,4
24638046,2
33612830,2
34349116,2
14632962,3
7938309,0
23442899,2
18485485,3
17647298,3
16768633,2
17414238,1
19027962,1
8027413,3
9930635,3
16510194,0
24172161,4
9211571,4
8657828,3
38267023,4
27898207,4
11983189,3
8106650,3
31734084,4
22381949,3
15842026,3
7724714,3
39068714,2
10686270,2
2258378,3
9054788,3
7622801,3
2116474,0
20067660,1
16309810,3
23466114,3
30677646,2
21889802,2
16491133,3
9862607,2
19307862,2
24815673,4
35232509,2
31269506,0
34526482,2
7667171,3
20516155,2
28828187,2
17191266,0
30312839,2
16836625,3
37751801,1
25172025,0
31799993,2
27153942,3
23625554,1
22388476,3
22147631,2
21672217,3
16877657,2
11313088,3
11270915,4
17192957,2
8690827,3
21206443,3
27438460,3
14639507,3
2201223,3
7480524,1
8118471,3
23929355,3
29148881,3
17401733,0
22053897,2
17135989,2
21527122,4
32090788,3
12213688,3
20520284,2
7987780,3
33724254,3
18826778,3
7868100,3
16204325,3
36871913,2
21569445,3
28441588,0
24692026,2
14757591,3
17124643,3
14628181,3
28382883,2
18579347,2
8010368,3
20680188,2
8598756,3
8517172,3
19656577,4
12707557,2
18978634,3
25323140,1
12680745,0
14512205,3
11059998,2
16491981,0
16061764,3
9395150,1
21284136,4
2403998,3
19297311,2
28969438,3
20122047,3
2081896,0
12518269,0
30763799,2
24772438,2
9570492,0
25326163,3
10192590,2
18759650,3
25575488,4
7932284,0
21546222,2
18704101,1
17123473,2
16160625,2
12169073,4
1862204,3
16777385,3
28388454,3
23291399,2
17285097,3
10356626,1
23726373,0
16675759,3
1460163,0
25138978,3
25175097,3
30272245,1
17062320,4
12899735,3
12167523,2
16213663,0
26426831,1
10964858,3
11890185,2
14744472,3
21308882,2
15003076,2
35072307,4
30952216,2
34670131,2
30856378,3
18055956,3
17495474,3
17149753,4
19441667,2
15650497,3
15252704,2
12839429,2
12479663,4
11020120,0
25832111,2
38724691,2
16137698,1
16018984,2
26556688,4
29504795,2
35546043,2
23666582,0
37318808,2
22424078,3
19898245,2
19322797,3
23179471,0
29409976,2
32006087,4
16197655,3
9245193,3
35660802,2
20645218,2
36945926,1
8071258,3
17472599,4
14628981,3
8104964,0
9108811,3
19943833,2
11939866,4
17479308,2
10333380,0
37763782,2
7572258,3
38128154,2
26602230,2
21324094,4
16624227,1
7593728,3
20829308,3
8923115,3
21208597,4
25804297,3
18719047,4
23702258,2
26963689,2
31445345,4
19105212,1
26241865,0
15003431,4
36339271,4
27297634,3
32066504,3
25824424,2
18311826,3
24367124,3
17700050,3
34617303,2
17586780,2
34624810,2
12006896,3
10770448,3
19288975,2
19358790,4
36383742,2
9476744,4
17467059,2
27423168,2
7864266,3
28657697,1
26613389,4
25891220,2
9555596,3
11448087,3
37070529,4
25045908,2
18373383,4
19108666,2
15960574,2
9437565,1
9535315,3
19996037,2
39341294,2
12737641,2
14870956,3
18462573,3
10967371,3
8911559,3
10964859,3
16783809,2
17548749,3
9786808,3
12644359,0
19358791,4
29235884,4
21792017,3
22985486,3
11192620,1
38123726,4
29081313,3
16913433,3
29955151,2
20931154,4
9347379,3
11147927,3
27529765,2
8626365,3
32388446,4
18172020,3
21665441,2
15361263,2
11417923,1
10401920,3
24628943,2
21309442,2
10718161,3
23286405,3
37859623,2
25175478,3
7941961,0
19349312,0
15910207,2
20576364,2
29991347,3
16863271,3
14757326,0
11739068,3
15465985,2
9495601,3
9136253,3
15245784,2
15219644,0
32664033,4
39961441,4
35725644,2
21343710,1
16894061,2
10230188,3
26800392,4
21192152,3
22286957,0
28444658,2
8895116,2
8817726,0
8792754,3
34404290,2
31631058,1
8894060,2
11870013,3
29343128,4
26176696,3
15259834,2
7836333,3
7834258,1
2125237,3
32319673,1
8588384,0
39620153,2
30086213,4
20545502,2
10363738,3
14658946,4
16893526,2
32315537,2
19838842,3
25687662,4
36347845,2
27276373,2
18037817,4
10901691,3
30094160,2
31633261,1
31023398,2
7649072,4
9412162,3
30126458,2
20584525,4
20493532,0
26085041,4
18580815,1
8848950,3
7822585,2
20510464,1
10505589,3
17288694,4
23228340,2
16242826,1
20123819,3
24950747,2
31618446,2
25782764,2
10940443,2
2243896,0
23539641,4
26342888,2
9133770,3
27835715,4
1900443,0
15096082,4
26897454,3
15110925,0
15677428,0
15589385,4
33221715,1
18805590,3
25650503,4
18204341,1
11578996,3
28657871,1
35093946,2
29195125,1
21569309,3
17295567,3
8610832,3
37467797,0
30826492,4
22409094,2
10023505,0
31371212,3
24711613,1
11382537,1
27869986,3
17909125,3
26256429,0
14673962,3
1807971,2
35579484,4
24902007,4
34545997,4
10380180,2
22442673,3
31375659,0
16096516,3
24725805,2
34952123,2
21052041,3
21736514,2
18536191,0
32460523,4
17559729,4
19525739,0
25985046,2
26654211,2
33009815,2
23782520,4
21354242,2
15003430,3
40038707,4
14636902,3
11886690,1
27780334,4
23561231,2
12133139,3
35578182,2
19280883,3
8067495,3
32739466,3
20346518,2
17898344,2
38663556,3
7888419,3
18067975,2
26869247,4
27835722,0
27736689,4
8857869,3
18539340,1
1775598,3
8890674,3
15377746,3
29101402,4
8416053,0
11097961,1
21694621,2
31422713,4
12943949,4
25272149,4
16782542,0
10211174,2
9849770,2
15534159,3
22439299,3
18718871,2
30654777,2
15011764,3
22945416,2
12369275,3
23926243,2
29504736,3
26423182,4
10440523,3
20065276,3
33779577,4
11074107,3
35166158,2
25829103,3
8773291,3
20483968,3
21366360,2
11488368,2
9093253,0
19682111,2
12920393,2
12716238,3
30532752,0
8791185,3
31332902,2
24821196,2
2183633,2
26462806,0
35728680,2
35794104,2
23364679,2
12640217,0
12609459,0
23389323,1
12787857,2
35535436,2
25898343,2
9334894,3
32035035,3
15800157,3
16251815,2
11448368,2
22466349,0
17177199,4
30772118,2
12716266,2
16628130,0
40111362,2
16208839,2
28318797,2
16075659,2
38615899,2
12823089,4
11738543,2
1299597,3
28445632,2
25082715,0
12394530,1
38376796,2
26804646,4
26363143,2
16368077,0
9276075,0
25137188,2
36343427,2
15988572,0
8831437,3
21925682,4
22687487,2
32312344,2
25768800,3
37863972,1
22198441,2
21302485,4
18533273,2
18694599,2
11259862,0
23143411,0
11436952,4
10505582,0
8837978,0
25743367,2
9592629,4
22397890,1
24232445,3
18849079,3
11684140,2
39316999,2
27261997,3
22250605,2
2142699,0
23710817,1
12964171,4
10520975,3
37392016,2
24275013,0
10947339,3
15691522,2
31786030,2
17557453,4
24345483,4
38917366,4
19668121,4
19034753,2
16566619,4
39615937,0
38936704,2
29063521,2
8904622,4
11274622,3
17055216,2
11799348,0
22098195,2
19622685,3
16166411,2
37258617,2
36635595,0
31141465,2
28076671,2
15855433,3
38823590,2
23305218,2
19779146,2
19192466,2
9714263,3
37641216,2
19574030,2
11918503,3
24038301,4
2050651,3
37714408,1
9337378,3
25012446,4
16499971,2
10887385,3
2212186,3
14735129,1
9864079,3
16317311,3
8299548,2
1845438,2
30152645,2
34324636,4
28520672,2
10211918,3
9245192,0
22458987,3
17601158,3
16697413,3
10086475,2
9609677,0
8659620,2
37657019,1
27763941,2
32500486,4
20663568,1
15842028,3
23485649,2
34627009,4
29119217,2
27400882,0
24807320,3
24067192,4
18204338,4
1443245,3
18206247,2
25541389,1
7593733,3
17548243,3
23290323,3
18545057,3
21121774,3
23873291,4
10434160,3
7865496,0
12719501,3
39905763,2
26129996,2
21220060,3
18332644,2
17451562,3
14742619,1
16841623,4
24352716,4
30877271,2
24485847,4
23398227,2
17729016,4
20945066,2
29880069,0
15297901,3
28264739,4
12611785,3
29069615,0
16415711,3
9892449,3
9174562,3
29407540,2
17397100,3
12683470,0
9821561,0
10221638,3
19844206,2
8923574,0
17096462,2
16415699,3
22132117,0
16845641,4
19460188,2
26279130,2
10467970,2
18247097,3
20808124,2
11584154,2
36884024,4
10862809,0
15042104,0
9020990,4
10624546,2
10529069,3
18281099,0
10607968,3
38170541,1
17141740,2
15257063,0
33269395,4
14604452,1
30714749,2
23277245,2
9090337,0
8580391,2
16633139,3
31318184,2
28477497,2
36938869,1
30986737,3
16314604,3
1852793,3
38158049,0
20539246,4
38538921,2
22672407,3
23480315,2
20181361,3
38153320,4
22832429,2
11981594,3
11110989,2
32620104,3
17099598,2
9871816,3
8151047,2
30662368,0
8968303,2
37164957,4
8773822,3
33638263,2
26374703,3
17393542,2
20187947,2
26560512,2
17664517,3
8837903,3
9373420,3
17209146,2
28288407,2
19414708,2
20441720,3
20888580,0
10569127,3
28870407,2
31969264,1
37540512,2
17900050,1
10812530,4
10622338,1
17466657,3
10950467,3
19528195,3
19444001,3
23332680,0
25450124,2
16158446,0
16769204,4
31446382,2
32386065,0
2243886,3
16496486,3
9347392,3
20862644,3
12943959,0
7954482,3
37155164,3
19625785,1
22850205,1
14716708,4
17406651,3
27029912,2
19583486,3
18058832,2
25124683,2
25794636,3
21684012,0
11294481,3
23733443,3
20024753,2
23498306,4
15470798,0
14615578,2
30958879,2
36339275,3
30385872,2
29986174,2
21641002,0
12866252,3
19252046,3
28045352,2
25652752,1
30652941,2
16553533,3
31706638,1
15992393,3
23673908,3
8784645,3
9892859,3
26123629,3
17640790,2
12433007,2
30675739,4
26822799,2
29641834,2
28705252,3
8313397,3
29957370,3
33249434,2
15206659,0
15576065,2
17217921,2
25484177,3
26180227,3
25259674,4
1862207,3
25607727,3
23559064,1
12207107,2
11254020,4
2136870,0
25033581,1
20860888,3
37378490,2
27236335,3
14730113,3
10621762,3
8882911,0
36681669,2
31923105,4
24954156,2
31664940,2
24602409,0
18162024,4
1604987,3
28833192,0
24699061,4
21665007,0
16697153,4
21629370,4
8106654,3
26714202,2
39271063,2
16430791,1
9315987,3
10695642,3
12502009,0
26907087,2
14603988,3
15707766,3
18766158,2
32029010,3
29039254,2
16160710,0
8354766,3
23540908,2
19698901,4
36223114,4
9787879,0
9585653,3
1901418,3
7857504,3
15107656,4
1775522,3
31060632,2
17928105,0
8453432,3
32871535,4
16796730,4
23473348,4
11814529,3
7915270,3
21053006,0
13680073,2
28553836,4
23973251,2
25295436,2
18363420,4
29327213,4
12842163,2
18451188,3
38247730,2
23672772,4
12755659,2
19641981,0
21951987,1
12167507,3
21447539,2
11490174,0
26010860,0
22251023,4
19441668,0
17960366,2
28669288,3
18505308,1
11074231,0
25894953,4
27152523,2
9165379,3
16009737,0
31323113,2
26098793,2
12837712,3
11115208,3
1531821,3
35409234,2
15486607,0
9690691,4
8640461,0
20951997,1
16702897,4
7882465,0
38714931,2
19218828,3
21964277,2
23656841,4
16457894,2
14971864,3
15252820,3
12716244,3
10862802,2
12496948,0
15367049,2
17062659,3
27104803,2
31105027,1
32479320,2
38055198,4
9585655,2
27723543,2
25030264,0
1629383,3
19858762,2
20345508,4
7593727,3
39415650,4
22027844,4
15860863,3
17445520,2
1974941,3
31669837,3
8027414,3
20195007,3
16946177,3
23707032,1
21078010,4
36724796,3
16958945,3
7609861,3
36804108,2
24987942,3
27304433,4
22801672,4
18172016,2
17401042,2
15229064,3
12796224,2
23570952,2
36692954,1
15949885,2
34410011,3
15102129,2
30516574,3
16866904,2
34752681,2
31972628,3
29133948,2
10816183,3
36395989,4
26035199,3
33230268,2
24418366,3
26376805,3
16388723,0
37227402,4
29460712,0
8861177,3
21148807,2
12439628,0
7963448,3
28213170,2
31405646,2
9472838,4
19200422,2
8955546,2
26422415,2
25677354,3
21919060,2
20220604,3
35442431,3
12964175,3
19560507,2
14702270,3
16487941,2
7491382,3
15096071,3
35819423,3
24059116,1
9105958,2
20523080,1
27438078,3
16430026,0
22429480,2
21367355,4
25241986,3
10221288,2
31784354,2
18540740,2
24045606,4
31609787,4
10467972,2
9137123,3
35843459,4
9066991,0
12232543,3
8006243,3
20665492,3
19863842,2
11425414,2
38740439,0
31601424,2
16263177,2
23391728,3
11007727,3
26189209,2
15610962,2
18609420,3
21838411,4
23711979,2
15260909,3
24486892,1
21671489,1
35609816,1
33118052,2
26039688,4
27784414,3
25488124,0
22682213,3
38445382,2
32063564,4
9547134,3
2065693,3
35069013,0
14517579,2
17577801,2
8794599,4
8993088,3
18802161,3
19267956,1
7530963,0
28648567,0
27057997,2
23769413,1
31477542,1
23861180,2
22267183,2
10520980,3
15505982,0
11288158,3
7828515,0
23280545,4
25677355,2
25794285,2
10463374,3
21831448,2
28086934,2
29166552,4
32804742,4
16194530,1
10817105,3
11712619,3
23327503,2
15812265,3
34875345,4
17917556,3
20701824,0
15555723,0
18781088,1
25689725,3
7989637,4
21869698,4
17123478,2
8424470,3
24485479,0
18188512,0
12418499,3
36343423,3
15466678,3
11136647,3
30580082,2
15486520,3
11838625,3
25873303,3
27327217,2
7984704,3
18457338,2
20880269,3
26025562,2
12820174,2
10622345,0
15491239,4
28400146,3
11448369,3
10565798,3
22541039,2
29795403,2
19192474,2
12359676,0
31733459,2
12642173,0
11176732,3
7838932,0
21595526,2
25240140,2
12537034,1
28402866,2
17768267,2
8988450,3
22480177,2
12566938,0
11728613,0
20708060,4
24901538,2
19345072,3
15352140,1
12944340,0
10453798,3
9315986,0
36128684,2
18384466,2
18854721,3
30145512,3
11313095,1
34459077,3
8912401,3
9348549,0
1918421,3
32938410,1
9513747,0
28499272,0
7962679,3
17988366,3
38640589,2
18775652,0
39180963,2
30531358,4
29453441,0
18547727,4
39431906,2
16238906,4
27479536,2
18154491,2
8626364,3
17562523,3
22349578,3
20351570,1
17414745,3
33757609,2
39424742,4
25602163,4
24998841,1
21382280,2
20826553,2
9287259,3
27262302,3
19284932,3
20667172,0
20466437,0
20616624,3
24856557,4
19945804,2
14978782,1
36829184,3
25544738,0
19467668,0
1487471,4
19841156,2
34130243,2
37992767,2
15999906,2
17023001,0
26813241,2
15323591,4
16785774,3
12482464,0
19493959,0
7755126,3
15784158,0
7952987,3
18281410,3
23782463,2
36893514,2
31418950,2
20942940,2
9795745,0
22449253,0
1829098,3
31735410,0
22121857,2
21309619,2
1564046,2
19552867,4
15631874,0
25439084,2
16390886,3
19034749,4
38985492,1
36179972,2
18022044,3
35815954,2
24853650,1
11999913,3
17329983,4
23759172,2
14658950,4
26321259,0
29331703,4
19540732,2
12716243,2
12452539,0
39946099,4
12399343,3
12544375,3
11676382,3
26773906,4
12415553,0
12150649,2
32221178,2
17515172,2
15677414,0
27781135,4
15363481,1
21135313,2
14566216,2
21903032,2
18247193,3
8195464,3
17257729,2
24655586,0
37086340,0
10885162,3
23517885,4
32663909,4
25504813,2
20146649,2
17541206,0
11599647,3
39706483,3
21810106,3
21206285,1
23857826,2
25219946,0
28293470,0
21192150,0
9562208,3
34718252,1
38795698,2
9734550,3
7694914,3
15507072,2
11925310,3
1531824,3
37568081,4
22999261,4
39934737,2
19238488,2
38776887,0
27237997,0
15702566,2
12490769,2
7804386,3
39798713,2
24743713,2
21962978,1
15817137,3
25176167,2
23562618,1
19453962,2
9076858,0
31583989,2
11735841,3
9819068,0
12759558,0
24910934,4
24035672,0
28841824,4
18315446,2
31116261,2
19895619,2
19616895,0
39476073,1
9503257,0
18158074,4
36927872,1
34010748,2
33060432,1
7665807,3
2211570,4
24127687,4
23941474,2
19406291,3
28129308,4
30061399,2
24140226,2
7593707,0
11099750,0
24955812,4
31221693,2
29111077,1
36005883,0
25401715,4
1774431,0
37414272,4
19512961,4
31182060,3
14744175,1
7831450,3
17116121,3
11791952,3
10622344,0
17034955,0
9267852,0
8297920,0
7963068,2
15809408,2
9159697,3
39368604,2
19996754,3
16083521,3
16220024,1
30699842,4
26204994,2
19853417,2
31658460,2
20728093,1
20096137,2
18337052,3
15662100,3
11318908,3
11235924,3
9864073,3
8071282,3
25376160,4
30235716,2
21862138,4
14980069,0
28295915,3
24949937,2
9766764,3
10207659,4
16340396,1
23664565,0
12941675,4
22230827,2
15107657,4
2407731,3
28029510,2
14642022,2
20344882,2
29633166,4
38788042,4
31254971,4
26480205,2
12865903,1
36821406,0
27280963,2
18462811,0
24813065,4
21134472,2
8993086,4
35212235,2
18715415,3
8328559,3
23639212,4
19539268,2
29580569,2
30925498,3
37984280,2
32475989,2
17586782,3
25782717,2
10360137,3
2201481,3
11518474,3
9836013,0
37580739,2
33657450,0
32947455,3
27147437,0
17993363,3
2293253,2
16055263,0
35396074,2
23963965,4
21463543,0
7829762,4
10632236,3
2201514,4
36813043,4
16881773,2
14754784,3
25055809,2
30205379,0
20643177,0
27894036,2
7868849,3
33247483,4
31521872,2
17854250,3
16501401,3
11772119,3
26402009,2
25980552,4
28777983,4
10450257,3
37330257,2
25037144,4
16272188,2
1592844,2
17563161,2
12411221,4
31519517,4
15741746,0
15702138,0
22521148,2
20004291,4
17337914,3
8078953,3
19724980,0
15748090,3
37491672,2
26826533,2
28299626,4
16309809,4
1531825,3
21314870,3
15549689,4
14674053,3
37819741,2
9381956,3
19695711,2
15469668,2
25945337,1
38649428,4
17503986,4
10831468,2
17725843,4
33772971,2
33601706,2
39519521,4
37943674,2
26609167,0
28421334,2
17621383,2
21782251,4
8057000,3
17272735,4
34937590,0
19081638,1
23849714,2
7593726,3
16362843,0
8208874,0
14571350,3
27859669,4
12505806,0
22974472,2
30802419,2
24718398,3
22706518,0
27525966,4
39515580,1
23948637,2
31769377,2
31252530,0
33878621,2
26206864,3
27771973,2
37933521,4
26598474,3
24724887,2
15677608,2
19652123,3
12680900,2
23118981,2
14744178,3
32252062,2
15913920,3
33504955,4
29370485,2
23574502,2
24060588,2
30588705,1
20075643,4
15578008,2
21397252,0
25691504,2
22683211,0
1531822,3
29265831,2
19407731,4
19321268,2
15555719,3
36093920,4
20161310,1
33560444,0
8916629,2
9004056,3
26585287,2
22073385,4
18259086,2
16762534,2
10917403,3
34953926,2
8354735,2
25038733,3
18490576,3
32912597,4
30047786,2
18067659,3
19451862,2
28789578,2
1775606,0
14624185,2
20674983,2
21704134,0
18164939,3
26315684,0
35927580,2
12153334,4
19264363,4
14996144,3
31733455,4
32785636,2
17884271,2
28254962,1
17804135,2
30081500,3
25035081,0
11728614,3
11408053,2
24965202,4
21208574,4
12500073,3
21306877,1
25330122,4
8543545,1
9565715,3
1773245,3
9097068,3
25261629,1
24663122,3
9407475,2
9818307,2
12544372,3
19164492,4
33566317,2
15488964,2
12204314,3
31404802,2
9580369,3
9347391,3
24119858,3
39260582,2
30885233,0
38325605,2
38126222,2
12185407,2
20004482,0
22152193,2
10200751,3
11392345,2
17028243,3
16154547,0
10023503,0
39289477,2
21511276,4
19193344,4
7871094,2
17135987,3
18502089,2
12060188,3
19376184,1
12190716,2
8277143,4
11788110,3
30153497,2
23206319,2
36322843,4
1752851,3
31556975,4
8106653,3
15232046,3
16520433,2
16601642,2
22252094,2
12668363,3
9650035,3
17203016,2
25555415,2
24311553,3
30837453,1
16452280,3
15138896,0
23466591,3
12590621,3
18158380,0
22901346,4
18805677,0
22235252,2
18457236,2
39243988,4
24995890,4
17588276,4
11561046,1
24060107,1
21907540,3
